risk_grade,policy_action,accounts,observed_default_rate,avg_pd,ead_proxy,expected_loss,el_rate
A - Low,Auto approve,10057,0.0792482847767724,0.0852319318273173,161042650,4116707.335943404,0.02556283901155007
B - Moderate,Approve standard,20055,0.12894540014958863,0.13873844558695114,319994375,15736271.436767956,0.04917671267430234
C - Watch,Approve with limit/pricing control,20007,0.1795871444994252,0.18342622974563977,286022625,20075120.583474725,0.07018717691817115
D - High,Manual review,29980,0.21631087391594397,0.22511498480340303,412289650,39128319.90151873,0.0949049288564938
E - Very High,Decline or require mitigants,19901,0.28440781870257775,0.30105378036213887,262317650,34457388.73353016,0.13135749246583353
