{
  "enriched_rows": 331865,
  "feature_count_total": 17,
  "selected_formula_features": 15,
  "train_rows": 183002,
  "validation_rows": 85177,
  "test_rows": 46369,
  "expanded_formula_test_auc": 0.7648588259721735,
  "expanded_formula_test_gini": 0.529717651944347,
  "expanded_formula_test_ks": 0.399813768782547,
  "expanded_formula_test_calibration_gap": 0.01691708418413601,
  "woe_logistic_test_auc": 0.7808048449849906,
  "woe_logistic_test_gini": 0.5616096899699812,
  "woe_logistic_test_ks": 0.41761133286507024,
  "woe_logistic_test_calibration_gap": 0.01811830472308465,
  "logistic_challenger_test_auc": 0.7931530982749875,
  "logistic_challenger_test_gini": 0.586306196549975,
  "logistic_challenger_test_ks": 0.43975519952625586,
  "logistic_challenger_test_calibration_gap": 0.014372329135417361,
  "formula_without_term_test_auc": 0.7342129512301299,
  "formula_without_term_test_ks": 0.34957428553725456,
  "logistic_without_term_test_auc": 0.7659863227627859,
  "logistic_without_term_test_ks": 0.40411053214025056,
  "test_decile_10_pre_recalibration_gap": 0.06921140809317661,
  "test_decile_10_post_recalibration_gap": -0.030284064360412977,
  "formula_pd_decile_map": {
    "1": 0.03278509371072619,
    "2": 0.05382513661202186,
    "3": 0.07546448087431694,
    "4": 0.08256830601092896,
    "5": 0.1051912568306011,
    "6": 0.11666666666666667,
    "7": 0.15131147540983605,
    "8": 0.193224043715847,
    "9": 0.296120218579235,
    "10": 0.5089885798590241
  }
}